,index,DayID,WeekID,Date,Scrip,Open,High,Low,Close,Volume,DD,MM,YY,Day
0,0,2,2,20220102,00DS30,2533,2567,2533,2561,4294967295,2,1,2022,Sun
1,380,3,2,20220103,00DS30,2561,2594,2561,2576,4294967295,3,1,2022,Mon
2,760,4,2,20220104,00DS30,2576,2576,2559,2571,4294967295,4,1,2022,Tue
3,1140,5,2,20220105,00DS30,2571,2583,2571,2576,4294967295,5,1,2022,Wed
4,1521,6,2,20220106,00DS30,2576,2607,2576,2603,4294967295,6,1,2022,Thu
5,1902,9,3,20220109,00DS30,2603,2623,2573,2579,4294967295,9,1,2022,Sun
6,2283,10,3,20220110,00DS30,2579,2611,2569,2607,4294967295,10,1,2022,Mon
7,2662,11,3,20220111,00DS30,2607,2650,2607,2627,4294967295,11,1,2022,Tue
8,3043,12,3,20220112,00DS30,2627,2641,2603,2607,4294967295,12,1,2022,Wed
9,3424,13,3,20220113,00DS30,2607,2621,2602,2616,4294967295,13,1,2022,Thu
10,3806,16,4,20220116,00DS30,2616,2628,2595,2598,4294967295,16,1,2022,Sun
11,4188,17,4,20220117,00DS30,2598,2616,2598,2608,4294967295,17,1,2022,Mon
12,4571,18,4,20220118,00DS30,2608,2625,2596,2599,4294967295,18,1,2022,Tue
13,4952,19,4,20220119,00DS30,2599,2623,2597,2617,4294967295,19,1,2022,Wed
14,5335,20,4,20220120,00DS30,2617,2640,2617,2635,4294967295,20,1,2022,Thu
15,5717,23,5,20220123,00DS30,2635,2648,2623,2629,4294967295,23,1,2022,Sun
16,6099,24,5,20220124,00DS30,2629,2645,2610,2614,4294967295,24,1,2022,Mon
17,6483,25,5,20220125,00DS30,2614,2632,2611,2613,4294967295,25,1,2022,Tue
18,6865,26,5,20220126,00DS30,2613,2626,2610,2612,4294967295,26,1,2022,Wed
19,7250,27,5,20220127,00DS30,2612,2619,2600,2602,4294967295,27,1,2022,Thu
20,7634,30,6,20220130,00DS30,2602,2614,2581,2585,4294967295,30,1,2022,Sun
21,8017,31,6,20220131,00DS30,2585,2594,2557,2559,4294967295,31,1,2022,Mon
22,8400,32,6,20220201,00DS30,2559,2593,2559,2589,4294967295,1,2,2022,Tue
23,8783,33,6,20220202,00DS30,2589,2610,2589,2593,4294967295,2,2,2022,Wed
24,9168,34,6,20220203,00DS30,2593,2602,2584,2592,4294967295,3,2,2022,Thu
25,9552,37,7,20220206,00DS30,2592,2620,2592,2612,4294967295,6,2,2022,Sun
26,9935,38,7,20220207,00DS30,2612,2629,2601,2608,4294967295,7,2,2022,Mon
27,10319,39,7,20220208,00DS30,2608,2616,2605,2610,4294967295,8,2,2022,Tue
28,10702,40,7,20220209,00DS30,2610,2618,2599,2605,4294967295,9,2,2022,Wed
29,11085,41,7,20220210,00DS30,2605,2606,2595,2597,4294967295,10,2,2022,Thu
30,11468,44,8,20220213,00DS30,2597,2610,2596,2605,4294967295,13,2,2022,Sun
31,11850,45,8,20220214,00DS30,2605,2615,2593,2597,4294967295,14,2,2022,Mon
32,12234,46,8,20220215,00DS30,2597,2599,2583,2589,4294967295,15,2,2022,Tue
33,12617,47,8,20220216,00DS30,2589,2610,2589,2599,4294967295,16,2,2022,Wed
34,12998,48,8,20220217,00DS30,2599,2601,2569,2574,4294967295,17,2,2022,Thu
35,13379,51,9,20220220,00DS30,2574,2575,2539,2546,4294967295,20,2,2022,Sun
36,13762,53,9,20220222,00DS30,2546,2553,2529,2536,4294967295,22,2,2022,Tue
37,14142,54,9,20220223,00DS30,2536,2556,2536,2551,4294967295,23,2,2022,Wed
38,14525,55,9,20220224,00DS30,2551,2556,2510,2515,4294967295,24,2,2022,Thu
39,14906,58,10,20220227,00DS30,2515,2515,2458,2468,4294967295,27,2,2022,Sun
40,15289,59,10,20220228,00DS30,2468,2495,2468,2482,4294967295,28,2,2022,Mon
41,15690,60,10,20220301,00DS30,2482,2509,2482,2490,4294967295,1,3,2022,Tue
42,16052,61,10,20220302,00DS30,2490,2499,2463,2471,4294967295,2,3,2022,Wed
43,16435,62,10,20220303,00DS30,2471,2479,2447,2463,4294967295,3,3,2022,Thu
44,16818,65,11,20220306,00DS30,2463,2465,2435,2439,4294967295,6,3,2022,Sun
45,17201,66,11,20220307,00DS30,2439,2444,2372,2374,4294967295,7,3,2022,Mon
46,17584,67,11,20220308,00DS30,2374,2392,2317,2374,4294967295,8,3,2022,Tue
47,17967,68,11,20220309,00DS30,2374,2421,2374,2416,4294967295,9,3,2022,Wed
48,18349,69,11,20220310,00DS30,2416,2455,2416,2425,4294967295,10,3,2022,Thu
49,18733,72,12,20220313,00DS30,2425,2469,2425,2463,4294967295,13,3,2022,Sun
50,19117,73,12,20220314,00DS30,2463,2469,2452,2460,4294967295,14,3,2022,Mon
51,19499,74,12,20220315,00DS30,2460,2465,2453,2459,4294967295,15,3,2022,Tue
52,19882,75,12,20220316,00DS30,2459,2466,2456,2458,4294967295,16,3,2022,Wed
53,20267,79,13,20220320,00DS30,2458,2463,2432,2435,4294967295,20,3,2022,Sun
54,20650,80,13,20220321,00DS30,2435,2442,2419,2436,4294967295,21,3,2022,Mon
55,21034,81,13,20220322,00DS30,2436,2478,2436,2471,4294967295,22,3,2022,Tue
56,21415,82,13,20220323,00DS30,2471,2489,2465,2469,4294967295,23,3,2022,Wed
57,21797,83,13,20220324,00DS30,2469,2472,2460,2467,4294967295,24,3,2022,Thu
58,22181,86,14,20220327,00DS30,2467,2472,2460,2463,4294967295,27,3,2022,Sun
59,22563,87,14,20220328,00DS30,2463,2476,2463,2468,4294967295,28,3,2022,Mon
60,22947,88,14,20220329,00DS30,2468,2479,2468,2471,4294967295,29,3,2022,Tue
61,23331,89,14,20220330,00DS30,2471,2477,2464,2466,4294967295,30,3,2022,Wed
62,23714,90,14,20220331,00DS30,2466,2475,2461,2474,4294967295,31,3,2022,Thu
63,24108,93,15,20220403,00DS30,2474,2491,2474,2488,4294967295,3,4,2022,Sun
64,24481,94,15,20220404,00DS30,2488,2488,2465,2469,4294967295,4,4,2022,Mon
65,24866,95,15,20220405,00DS30,2469,2469,2457,2465,4294967295,5,4,2022,Tue
66,25251,96,15,20220406,00DS30,2465,2471,2452,2459,4294967295,6,4,2022,Wed
67,25630,97,15,20220407,00DS30,2459,2459,2437,2452,4294967295,7,4,2022,Thu
68,26015,101,16,20220411,00DS30,2459,2466,2451,2452,4294967295,11,4,2022,Mon
69,26400,102,16,20220412,00DS30,2452,2462,2427,2432,4294967295,12,4,2022,Tue
70,26782,103,16,20220413,00DS30,2432,2444,2412,2440,4294967295,13,4,2022,Wed
71,27166,107,17,20220417,00DS30,2440,2453,2432,2435,3939792000,17,4,2022,Sun
72,27549,108,17,20220418,00DS30,2435,2435,2404,2410,3903887000,18,4,2022,Mon
73,27933,109,17,20220419,00DS30,2410,2445,2387,2436,4294967295,19,4,2022,Tue
74,28315,110,17,20220420,00DS30,2436,2467,2436,2464,4294967295,20,4,2022,Wed
75,28698,111,17,20220421,00DS30,2464,2481,2464,2478,4294967295,21,4,2022,Thu
76,29082,114,18,20220424,00DS30,2478,2502,2478,2486,4294967295,24,4,2022,Sun
77,29467,115,18,20220425,00DS30,2486,2487,2466,2477,4294967295,25,4,2022,Mon
78,29849,116,18,20220426,00DS30,2477,2480,2463,2474,4294967295,26,4,2022,Tue
79,30234,117,18,20220427,00DS30,2474,2482,2463,2466,4294967295,27,4,2022,Wed
80,30619,118,18,20220428,00DS30,2466,2475,2450,2461,4294967295,28,4,2022,Thu
81,31387,128,20,20220508,00DS30,2454,2457,2445,2449,4294967295,8,5,2022,Sun
82,31771,129,20,20220509,00DS30,2449,2461,2448,2449,4294967295,9,5,2022,Mon
83,32155,130,20,20220510,00DS30,2449,2455,2429,2436,4294967295,10,5,2022,Tue
84,32539,131,20,20220511,00DS30,2436,2441,2417,2421,4294967295,11,5,2022,Wed
85,32922,132,20,20220512,00DS30,2421,2426,2403,2407,4294967295,12,5,2022,Thu
86,33307,136,21,20220516,00DS30,2407,2407,2359,2366,4294967295,16,5,2022,Mon
87,33692,137,21,20220517,00DS30,2366,2387,2330,2364,4294967295,17,5,2022,Tue
88,34075,138,21,20220518,00DS30,2364,2380,2326,2336,4294967295,18,5,2022,Wed
89,34460,139,21,20220519,00DS30,2336,2340,2302,2317,4294967295,19,5,2022,Thu
90,34844,142,22,20220522,00DS30,2317,2330,2273,2277,4294967295,22,5,2022,Sun
91,35227,143,22,20220523,00DS30,2277,2329,2296,2310,4294967295,23,5,2022,Mon
92,35608,144,22,20220524,00DS30,2310,2322,2287,2295,4294967295,24,5,2022,Tue
93,35988,145,22,20220525,00DS30,2295,2295,2264,2288,4294967295,25,5,2022,Wed
94,36367,146,22,20220526,00DS30,2288,2314,2279,2307,4294967295,26,5,2022,Thu
95,36746,149,23,20220529,00DS30,2307,2350,2315,2347,4294967295,29,5,2022,Sun
96,37128,150,23,20220530,00DS30,2347,2366,2340,2351,4294967295,30,5,2022,Mon
97,37509,151,23,20220531,00DS30,2351,2360,2342,2350,4294967295,31,5,2022,Tue
98,37890,152,23,20220601,00DS30,2350,2362,2348,2356,4294967295,1,6,2022,Wed
99,38273,153,23,20220602,00DS30,2356,2375,2351,2356,4294967295,2,6,2022,Thu
100,38658,157,24,20220606,00DS30,2374,2381,2358,2361,4294967295,6,6,2022,Mon
101,39042,158,24,20220607,00DS30,2361,2365,2348,2351,4294967295,7,6,2022,Tue
102,39427,159,24,20220608,00DS30,2351,2363,2350,2354,4294967295,8,6,2022,Wed
103,39810,160,24,20220609,00DS30,2354,2366,2350,2352,4294967295,9,6,2022,Thu
104,40195,163,25,20220612,00DS30,2352,2353,2330,2335,4294967295,12,6,2022,Sun
105,40578,164,25,20220613,00DS30,2335,2337,2317,2317,4294967295,13,6,2022,Mon
106,40961,165,25,20220614,00DS30,2317,2325,2300,2301,4294967295,14,6,2022,Tue
107,41347,166,25,20220615,00DS30,2301,2319,2301,2302,4294967295,15,6,2022,Wed
108,41734,167,25,20220616,00DS30,2302,2331,2304,2328,4294967295,16,6,2022,Thu
109,42120,170,26,20220619,00DS30,2328,2342,2323,2330,4294967295,19,6,2022,Sun
110,42506,171,26,20220620,00DS30,2330,2335,2309,2315,4294967295,20,6,2022,Mon
111,42890,172,26,20220621,00DS30,2315,2316,2294,2295,4294967295,21,6,2022,Tue
112,43276,173,26,20220622,00DS30,2295,2300,2286,2294,4294967295,22,6,2022,Wed
113,43662,174,26,20220623,00DS30,2294,2312,2292,2299,4294967295,23,6,2022,Thu
114,44047,177,27,20220626,00DS30,2299,2306,2285,2287,4294967295,26,6,2022,Sun
115,44433,178,27,20220627,00DS30,2287,2292,2281,2285,4294967295,27,6,2022,Mon
116,44819,179,27,20220628,00DS30,2285,2299,2286,2295,4294967295,28,6,2022,Tue
117,45205,180,27,20220629,00DS30,2295,2304,2293,2295,4294967295,29,6,2022,Wed
118,45590,181,27,20220630,00DS30,2295,2299,2287,2296,4294967295,30,6,2022,Thu
119,45976,184,28,20220703,00DS30,2296,2294,2280,2291,4294967295,3,7,2022,Sun
120,46362,185,28,20220704,00DS30,2291,2292,2282,2284,4294967295,4,7,2022,Mon
121,46747,186,28,20220705,00DS30,2284,2312,2286,2302,4294967295,5,7,2022,Tue
122,47134,187,28,20220706,00DS30,2302,2316,2299,2300,4294967295,6,7,2022,Wed
123,47520,188,28,20220707,00DS30,2300,2305,2292,2294,4294967295,7,7,2022,Thu
124,47903,193,29,20220712,00DS30,2294,2300,2282,2284,4294967295,12,7,2022,Tue
125,48288,194,29,20220713,00DS30,2284,2288,2270,2273,4294967295,13,7,2022,Wed
126,48674,195,29,20220714,00DS30,2273,2282,2263,2274,4294967295,14,7,2022,Thu
127,49060,198,30,20220717,00DS30,2274,2283,2267,2268,4294967295,17,7,2022,Sun
128,49446,199,30,20220718,00DS30,2268,2270,2233,2236,4294967295,18,7,2022,Mon
129,49832,200,30,20220719,00DS30,2236,2225,2200,2213,3193502000,19,7,2022,Tue
130,50218,201,30,20220720,00DS30,2213,2221,2193,2206,4294967295,20,7,2022,Wed
131,50603,202,30,20220721,00DS30,2206,2232,2199,2201,4294967295,21,7,2022,Thu
132,50988,205,31,20220724,00DS30,2201,2203,2167,2168,4294967295,24,7,2022,Sun
133,51374,206,31,20220725,00DS30,2168,2184,2143,2177,4294967295,25,7,2022,Mon
134,51758,207,31,20220726,00DS30,2177,2213,2186,2190,4294967295,26,7,2022,Tue
135,52145,208,31,20220727,00DS30,2190,2191,2162,2163,4294967295,27,7,2022,Wed
136,52529,209,31,20220728,00DS30,2163,2159,2134,2145,4294967295,28,7,2022,Thu
137,52914,212,32,20220731,00DS30,2145,2198,2162,2194,4294967295,31,7,2022,Sun
138,53300,213,32,20220801,00DS30,2194,2212,2200,2204,4294967295,1,8,2022,Mon
139,53686,214,32,20220802,00DS30,2204,2239,2203,2234,4294967295,2,8,2022,Tue
140,54072,215,32,20220803,00DS30,2234,2269,2246,2259,4294967295,3,8,2022,Wed
141,54459,216,32,20220804,00DS30,2259,2268,2250,2265,4294967295,4,8,2022,Thu
142,54844,219,33,20220807,00DS30,2265,2274,2246,2260,4294967295,7,8,2022,Sun
143,55228,220,33,20220808,00DS30,2260,2267,2233,2238,4294967295,8,8,2022,Mon
144,55613,222,33,20220810,00DS30,2238,2239,2206,2211,4294967295,10,8,2022,Wed
145,55997,223,33,20220811,00DS30,2211,2209,2191,2194,4294967295,11,8,2022,Thu
146,56379,226,34,20220814,00DS30,2194,2207,2195,2199,4294967295,14,8,2022,Sun
147,56764,228,34,20220816,00DS30,2199,2217,2201,2213,4294967295,16,8,2022,Tue
148,57149,229,34,20220817,00DS30,2213,2229,2214,2220,4294967295,17,8,2022,Wed
149,57534,233,35,20220821,00DS30,2220,2229,2218,2226,4294967295,21,8,2022,Sun
150,57920,234,35,20220822,00DS30,2226,2248,2227,2247,4294967295,22,8,2022,Mon
151,58305,235,35,20220823,00DS30,2247,2277,2251,2265,4294967295,23,8,2022,Tue
152,58690,236,35,20220824,00DS30,2265,2269,2240,2244,4294967295,24,8,2022,Wed
153,59074,237,35,20220825,00DS30,2244,2269,2245,2267,4294967295,25,8,2022,Thu
154,59457,240,36,20220828,00DS30,2267,2291,2269,2271,4294967295,28,8,2022,Sun
155,59843,241,36,20220829,00DS30,2271,2288,2268,2275,4294967295,29,8,2022,Mon
156,60230,242,36,20220830,00DS30,2275,2288,2273,2279,4294967295,30,8,2022,Tue
157,60615,243,36,20220831,00DS30,2279,2294,2280,2283,4294967295,31,8,2022,Wed
158,61000,244,36,20220901,00DS30,2283,2311,2288,2306,4294967295,1,9,2022,Thu
159,61386,247,37,20220904,00DS30,2306,2340,2298,2304,4294967295,4,9,2022,Sun
160,61765,248,37,20220905,00DS30,2304,2313,2280,2286,4294967295,5,9,2022,Mon
161,62138,249,37,20220906,00DS30,2286,2310,2289,2306,4294967295,6,9,2022,Tue
162,62510,250,37,20220907,00DS30,2306,2356,2329,2354,4294967295,7,9,2022,Wed
163,62893,251,37,20220908,00DS30,2354,2381,2355,2376,4294967295,8,9,2022,Thu
164,63276,254,38,20220911,00DS30,2376,2396,2365,2373,4294967295,11,9,2022,Sun
165,63654,255,38,20220912,00DS30,2373,2375,2350,2357,4294967295,12,9,2022,Mon
166,64037,256,38,20220913,00DS30,2357,2373,2352,2354,4294967295,13,9,2022,Tue
167,64418,257,38,20220914,00DS30,2354,2365,2326,2333,4294967295,14,9,2022,Wed
168,64793,258,38,20220915,00DS30,2333,2350,2326,2346,4294967295,15,9,2022,Thu
169,65168,261,39,20220918,00DS30,2346,2373,2356,2364,4294967295,18,9,2022,Sun
170,65543,262,39,20220919,00DS30,2364,2410,2372,2406,4294967295,19,9,2022,Mon
171,65918,263,39,20220920,00DS30,2406,2439,2395,2402,4294967295,20,9,2022,Tue
172,66295,264,39,20220921,00DS30,2402,2410,2369,2375,4294967295,21,9,2022,Wed
173,66670,265,39,20220922,00DS30,2375,2386,2360,2366,4294967295,22,9,2022,Thu
174,67050,268,40,20220925,00DS30,2366,2374,2325,2330,4294967295,25,9,2022,Sun
175,67425,269,40,20220926,00DS30,2330,2347,2325,2332,4294967295,26,9,2022,Mon
176,67800,270,40,20220927,00DS30,2332,2344,2314,2316,4294967295,27,9,2022,Tue
177,68175,271,40,20220928,00DS30,2316,2330,2314,2323,4294967295,28,9,2022,Wed
178,68550,272,40,20220929,00DS30,2323,2335,2322,2330,4294967295,29,9,2022,Thu
179,68919,275,41,20221002,00DS30,2330,2349,2330,2334,4294967295,2,10,2022,Sun
180,69296,276,41,20221003,00DS30,2334,2344,2324,2326,4294967295,3,10,2022,Mon
181,69674,277,41,20221004,00DS30,2326,2349,2326,2343,4294967295,4,10,2022,Tue
182,70048,279,41,20221006,00DS30,2343,2367,2343,2362,4294967295,6,10,2022,Thu
183,70422,283,42,20221010,00DS30,2362,2373,2307,2314,4294967295,10,10,2022,Mon
184,70794,284,42,20221011,00DS30,2314,2329,2305,2310,4294967295,11,10,2022,Tue
185,71167,285,42,20221012,00DS30,2310,2320,2307,2316,4294967295,12,10,2022,Wed
186,71537,286,42,20221013,00DS30,2316,2322,2304,2308,4294967295,13,10,2022,Thu
187,71910,289,43,20221016,00DS30,2308.05747,2322.32745,2293.47244,2298.77864,13431204000,16,10,2022,Sun
188,72285,290,43,20221017,00DS30,2298.77864,2305.80652,2272.01827,2277.34192,12978195000,17,10,2022,Mon
189,72650,291,43,20221018,00DS30,2277.34192,2285.29552,2259.65726,2277.44354,10059543000,18,10,2022,Tue
190,73024,292,43,20221019,00DS30,2277.44354,2299.47154,2269.65505,2271.00806,11787102000,19,10,2022,Wed
191,73394,293,43,20221020,00DS30,2271.00806,2280.86448,2260.29285,2277.65049,9756287000,20,10,2022,Thu
192,73761,296,44,20221023,00DS30,2277.65049,2291.4152,2259.25843,2262.2524,7884578000,23,10,2022,Sun
193,74125,296,44,20221023,00DS30,2277.65049,2291.4152,2259.25843,2262.2524,7884578000,23,10,2022,Sun
194,1,2,2,20220102,00DSES,1431,1448,1431,1445,4294967295,2,1,2022,Sun
195,381,3,2,20220103,00DSES,1445,1459,1445,1451,4294967295,3,1,2022,Mon
196,761,4,2,20220104,00DSES,1451,1458,1445,1456,4294967295,4,1,2022,Tue
197,1141,5,2,20220105,00DSES,1456,1467,1456,1464,4294967295,5,1,2022,Wed
198,1522,6,2,20220106,00DSES,1464,1477,1464,1472,4294967295,6,1,2022,Thu
199,1903,9,3,20220109,00DSES,1472,1483,1465,1468,4294967295,9,1,2022,Sun
200,2284,10,3,20220110,00DSES,1468,1482,1466,1481,4294967295,10,1,2022,Mon
201,2663,11,3,20220111,00DSES,1481,1503,1481,1496,4294967295,11,1,2022,Tue
202,3044,12,3,20220112,00DSES,1496,1507,1493,1495,4294967295,12,1,2022,Wed
203,3425,13,3,20220113,00DSES,1495,1504,1495,1502,4294967295,13,1,2022,Thu
204,3807,16,4,20220116,00DSES,1502,1514,1501,1502,4294967295,16,1,2022,Sun
205,4189,17,4,20220117,00DSES,1502,1510,1500,1505,4294967295,17,1,2022,Mon
206,4572,18,4,20220118,00DSES,1505,1513,1505,1507,4294967295,18,1,2022,Tue
207,4953,19,4,20220119,00DSES,1507,1513,1507,1509,4294967295,19,1,2022,Wed
208,5336,20,4,20220120,00DSES,1509,1519,1507,1508,4294967295,20,1,2022,Thu
209,5718,23,5,20220123,00DSES,1508,1517,1505,1508,4294967295,23,1,2022,Sun
210,6100,24,5,20220124,00DSES,1508,1516,1504,1505,4294967295,24,1,2022,Mon
211,6484,25,5,20220125,00DSES,1505,1516,1503,1505,4294967295,25,1,2022,Tue
212,6866,26,5,20220126,00DSES,1505,1512,1504,1504,4294967295,26,1,2022,Wed
213,7251,27,5,20220127,00DSES,1504,1510,1499,1500,4294967295,27,1,2022,Thu
214,7635,30,6,20220130,00DSES,1500,1505,1490,1491,4294967295,30,1,2022,Sun
215,8018,31,6,20220131,00DSES,1491,1497,1480,1482,4294967295,31,1,2022,Mon
216,8401,32,6,20220201,00DSES,1482,1500,1482,1497,4294967295,1,2,2022,Tue
217,8784,33,6,20220202,00DSES,1497,1513,1497,1504,4294967295,2,2,2022,Wed
218,9169,34,6,20220203,00DSES,1504,1508,1499,1504,4294967295,3,2,2022,Thu
219,9553,37,7,20220206,00DSES,1504,1516,1504,1514,4294967295,6,2,2022,Sun
220,9936,38,7,20220207,00DSES,1514,1525,1506,1510,4294967295,7,2,2022,Mon
221,10320,39,7,20220208,00DSES,1510,1513,1508,1511,4294967295,8,2,2022,Tue
222,10703,40,7,20220209,00DSES,1511,1515,1509,1513,4294967295,9,2,2022,Wed
223,11086,41,7,20220210,00DSES,1513,1521,1513,1518,4294967295,10,2,2022,Thu
224,11469,44,8,20220213,00DSES,1518,1525,1518,1523,4294967295,13,2,2022,Sun
225,11851,45,8,20220214,00DSES,1523,1530,1518,1520,4294967295,14,2,2022,Mon
226,12235,46,8,20220215,00DSES,1520,1524,1519,1520,4294967295,15,2,2022,Tue
227,12618,47,8,20220216,00DSES,1520,1526,1519,1521,4294967295,16,2,2022,Wed
228,12999,48,8,20220217,00DSES,1521,1524,1506,1508,4294967295,17,2,2022,Thu
229,13380,51,9,20220220,00DSES,1508,1511,1497,1499,4294967295,20,2,2022,Sun
230,13763,53,9,20220222,00DSES,1499,1507,1493,1495,4294967295,22,2,2022,Tue
231,14143,54,9,20220223,00DSES,1495,1505,1494,1499,4294967295,23,2,2022,Wed
232,14526,55,9,20220224,00DSES,1499,1504,1472,1476,4294967295,24,2,2022,Thu
233,14907,58,10,20220227,00DSES,1476,1476,1442,1445,4294967295,27,2,2022,Sun
234,15290,59,10,20220228,00DSES,1445,1461,1445,1453,4294967295,28,2,2022,Mon
235,15689,60,10,20220301,00DSES,1453,1467,1453,1454,4294967295,1,3,2022,Tue
236,16053,61,10,20220302,00DSES,1454,1458,1438,1443,4294967295,2,3,2022,Wed
237,16436,62,10,20220303,00DSES,1443,1448,1433,1442,4294967295,3,3,2022,Thu
238,16819,65,11,20220306,00DSES,1442,1449,1430,1431,4294967295,6,3,2022,Sun
239,17202,66,11,20220307,00DSES,1431,1433,1393,1394,4294967295,7,3,2022,Mon
240,17585,67,11,20220308,00DSES,1394,1404,1367,1399,4294967295,8,3,2022,Tue
241,17968,68,11,20220309,00DSES,1399,1434,1399,1429,4294967295,9,3,2022,Wed
242,18350,69,11,20220310,00DSES,1429,1448,1429,1435,4294967295,10,3,2022,Thu
243,18734,72,12,20220313,00DSES,1435,1457,1435,1453,4294967295,13,3,2022,Sun
244,19118,73,12,20220314,00DSES,1453,1459,1448,1453,4294967295,14,3,2022,Mon
245,19500,74,12,20220315,00DSES,1453,1461,1452,1457,4294967295,15,3,2022,Tue
246,19883,75,12,20220316,00DSES,1457,1461,1453,1454,4294967295,16,3,2022,Wed
247,20268,79,13,20220320,00DSES,1454,1460,1441,1441,4294967295,20,3,2022,Sun
248,20651,80,13,20220321,00DSES,1441,1445,1433,1442,4294967295,21,3,2022,Mon
249,21035,81,13,20220322,00DSES,1442,1464,1442,1461,4294967295,22,3,2022,Tue
250,21416,82,13,20220323,00DSES,1461,1468,1456,1456,4294967295,23,3,2022,Wed
251,21798,83,13,20220324,00DSES,1456,1460,1453,1457,4294967295,24,3,2022,Thu
252,22182,86,14,20220327,00DSES,1457,1462,1454,1458,4294967295,27,3,2022,Sun
253,22564,87,14,20220328,00DSES,1458,1467,1458,1465,4294967295,28,3,2022,Mon
254,22948,88,14,20220329,00DSES,1465,1471,1463,1465,4294967295,29,3,2022,Tue
255,23332,89,14,20220330,00DSES,1465,1469,1462,1464,4294967295,30,3,2022,Wed
256,23715,90,14,20220331,00DSES,1464,1469,1460,1468,4294967295,31,3,2022,Thu
257,24107,93,15,20220403,00DSES,1468,1476,1468,1471,4294967295,3,4,2022,Sun
258,24482,94,15,20220404,00DSES,1471,1471,1461,1462,4294967295,4,4,2022,Mon
259,24867,95,15,20220405,00DSES,1462,1462,1456,1461,4294967295,5,4,2022,Tue
260,25252,96,15,20220406,00DSES,1461,1463,1452,1456,4294967295,6,4,2022,Wed
261,25631,97,15,20220407,00DSES,1456,1456,1444,1454,4294967295,7,4,2022,Thu
262,26016,101,16,20220411,00DSES,1460,1464,1455,1455,4294967295,11,4,2022,Mon
263,26401,102,16,20220412,00DSES,1455,1456,1441,1443,4294967295,12,4,2022,Tue
264,26783,103,16,20220413,00DSES,1443,1450,1432,1448,4294967295,13,4,2022,Wed
265,27167,107,17,20220417,00DSES,1448,1455,1441,1442,3939792000,17,4,2022,Sun
266,27550,108,17,20220418,00DSES,1442,1443,1426,1429,3903887000,18,4,2022,Mon
267,27934,109,17,20220419,00DSES,1429,1445,1417,1443,4294967295,19,4,2022,Tue
268,28316,110,17,20220420,00DSES,1443,1456,1443,1454,4294967295,20,4,2022,Wed
269,28699,111,17,20220421,00DSES,1454,1466,1454,1465,4294967295,21,4,2022,Thu
270,29083,114,18,20220424,00DSES,1465,1473,1459,1462,4294967295,24,4,2022,Sun
271,29468,115,18,20220425,00DSES,1462,1462,1450,1455,4294967295,25,4,2022,Mon
272,29850,116,18,20220426,00DSES,1455,1459,1449,1456,4294967295,26,4,2022,Tue
273,30235,117,18,20220427,00DSES,1456,1459,1451,1453,4294967295,27,4,2022,Wed
274,30620,118,18,20220428,00DSES,1453,1457,1442,1447,4294967295,28,4,2022,Thu
275,31388,128,20,20220508,00DSES,1444,1449,1442,1447,4294967295,8,5,2022,Sun
276,31772,129,20,20220509,00DSES,1447,1457,1447,1454,4294967295,9,5,2022,Mon
277,32156,130,20,20220510,00DSES,1454,1458,1447,1449,4294967295,10,5,2022,Tue
278,32540,131,20,20220511,00DSES,1449,1451,1432,1433,4294967295,11,5,2022,Wed
279,32923,132,20,20220512,00DSES,1433,1438,1428,1432,4294967295,12,5,2022,Thu
280,33308,136,21,20220516,00DSES,1432,1434,1409,1410,4294967295,16,5,2022,Mon
281,33693,137,21,20220517,00DSES,1410,1422,1390,1409,4294967295,17,5,2022,Tue
282,34076,138,21,20220518,00DSES,1409,1418,1387,1392,4294967295,18,5,2022,Wed
283,34461,139,21,20220519,00DSES,1392,1395,1371,1383,4294967295,19,5,2022,Thu
284,34845,142,22,20220522,00DSES,1383,1390,1359,1362,4294967295,22,5,2022,Sun
285,35228,143,22,20220523,00DSES,1362,1387,1367,1377,4294967295,23,5,2022,Mon
286,35609,144,22,20220524,00DSES,1377,1388,1364,1367,4294967295,24,5,2022,Tue
287,35989,145,22,20220525,00DSES,1367,1369,1354,1363,4294967295,25,5,2022,Wed
288,36368,146,22,20220526,00DSES,1363,1378,1359,1374,4294967295,26,5,2022,Thu
289,36747,149,23,20220529,00DSES,1374,1402,1377,1400,4294967295,29,5,2022,Sun
290,37129,150,23,20220530,00DSES,1400,1410,1397,1401,4294967295,30,5,2022,Mon
291,37510,151,23,20220531,00DSES,1401,1410,1397,1404,4294967295,31,5,2022,Tue
292,37891,152,23,20220601,00DSES,1404,1414,1404,1413,4294967295,1,6,2022,Wed
293,38274,153,23,20220602,00DSES,1413,1425,1413,1416,4294967295,2,6,2022,Thu
294,38659,157,24,20220606,00DSES,1426,1428,1416,1417,4294967295,6,6,2022,Mon
295,39043,158,24,20220607,00DSES,1417,1418,1409,1411,4294967295,7,6,2022,Tue
296,39428,159,24,20220608,00DSES,1411,1418,1410,1413,4294967295,8,6,2022,Wed
297,39811,160,24,20220609,00DSES,1413,1420,1413,1414,4294967295,9,6,2022,Thu
298,40196,163,25,20220612,00DSES,1414,1414,1401,1403,4294967295,12,6,2022,Sun
299,40579,164,25,20220613,00DSES,1403,1406,1395,1395,4294967295,13,6,2022,Mon
300,40962,165,25,20220614,00DSES,1395,1401,1386,1388,4294967295,14,6,2022,Tue
301,41348,166,25,20220615,00DSES,1388,1400,1388,1390,4294967295,15,6,2022,Wed
302,41735,167,25,20220616,00DSES,1390,1405,1392,1403,4294967295,16,6,2022,Thu
303,42121,170,26,20220619,00DSES,1403,1410,1396,1397,4294967295,19,6,2022,Sun
304,42507,171,26,20220620,00DSES,1397,1398,1385,1388,4294967295,20,6,2022,Mon
305,42891,172,26,20220621,00DSES,1388,1389,1378,1379,4294967295,21,6,2022,Tue
306,43277,173,26,20220622,00DSES,1379,1383,1375,1381,4294967295,22,6,2022,Wed
307,43663,174,26,20220623,00DSES,1381,1390,1381,1383,4294967295,23,6,2022,Thu
308,44048,177,27,20220626,00DSES,1383,1388,1377,1379,4294967295,26,6,2022,Sun
309,44434,178,27,20220627,00DSES,1379,1383,1376,1381,4294967295,27,6,2022,Mon
310,44820,179,27,20220628,00DSES,1381,1389,1381,1386,4294967295,28,6,2022,Tue
311,45206,180,27,20220629,00DSES,1386,1391,1384,1385,4294967295,29,6,2022,Wed
312,45591,181,27,20220630,00DSES,1385,1391,1380,1387,4294967295,30,6,2022,Thu
313,45977,184,28,20220703,00DSES,1387,1389,1381,1385,4294967295,3,7,2022,Sun
314,46363,185,28,20220704,00DSES,1385,1387,1381,1385,4294967295,4,7,2022,Mon
315,46748,186,28,20220705,00DSES,1385,1397,1386,1389,4294967295,5,7,2022,Tue
316,47135,187,28,20220706,00DSES,1389,1395,1387,1389,4294967295,6,7,2022,Wed
317,47521,188,28,20220707,00DSES,1389,1391,1387,1388,4294967295,7,7,2022,Thu
318,47904,193,29,20220712,00DSES,1388,1392,1384,1386,4294967295,12,7,2022,Tue
319,48289,194,29,20220713,00DSES,1386,1386,1376,1378,4294967295,13,7,2022,Wed
320,48675,195,29,20220714,00DSES,1378,1381,1370,1377,4294967295,14,7,2022,Thu
321,49061,198,30,20220717,00DSES,1377,1384,1376,1376,4294967295,17,7,2022,Sun
322,49447,199,30,20220718,00DSES,1376,1379,1358,1360,4294967295,18,7,2022,Mon
323,49833,200,30,20220719,00DSES,1360,1355,1340,1348,3193502000,19,7,2022,Tue
324,50219,201,30,20220720,00DSES,1348,1354,1338,1346,4294967295,20,7,2022,Wed
325,50604,202,30,20220721,00DSES,1346,1358,1343,1345,4294967295,21,7,2022,Thu
326,50989,205,31,20220724,00DSES,1345,1349,1328,1328,4294967295,24,7,2022,Sun
327,51375,206,31,20220725,00DSES,1328,1336,1314,1332,4294967295,25,7,2022,Mon
328,51759,207,31,20220726,00DSES,1332,1352,1333,1334,4294967295,26,7,2022,Tue
329,52146,208,31,20220727,00DSES,1334,1338,1319,1320,4294967295,27,7,2022,Wed
330,52530,209,31,20220728,00DSES,1320,1322,1304,1308,4294967295,28,7,2022,Thu
331,52915,212,32,20220731,00DSES,1308,1342,1315,1339,4294967295,31,7,2022,Sun
332,53301,213,32,20220801,00DSES,1339,1352,1341,1347,4294967295,1,8,2022,Mon
333,53687,214,32,20220802,00DSES,1347,1366,1346,1362,4294967295,2,8,2022,Tue
334,54073,215,32,20220803,00DSES,1362,1381,1365,1371,4294967295,3,8,2022,Wed
335,54460,216,32,20220804,00DSES,1371,1376,1366,1375,4294967295,4,8,2022,Thu
336,54845,219,33,20220807,00DSES,1375,1380,1368,1377,4294967295,7,8,2022,Sun
337,55229,220,33,20220808,00DSES,1377,1381,1366,1368,4294967295,8,8,2022,Mon
338,55614,222,33,20220810,00DSES,1368,1370,1352,1354,4294967295,10,8,2022,Wed
339,55998,223,33,20220811,00DSES,1354,1353,1345,1346,4294967295,11,8,2022,Thu
340,56380,226,34,20220814,00DSES,1346,1353,1346,1351,4294967295,14,8,2022,Sun
341,56765,228,34,20220816,00DSES,1351,1363,1352,1361,4294967295,16,8,2022,Tue
342,57150,229,34,20220817,00DSES,1361,1372,1362,1366,4294967295,17,8,2022,Wed
343,57535,233,35,20220821,00DSES,1366,1375,1365,1373,4294967295,21,8,2022,Sun
344,57921,234,35,20220822,00DSES,1373,1382,1374,1380,4294967295,22,8,2022,Mon
345,58306,235,35,20220823,00DSES,1380,1397,1381,1388,4294967295,23,8,2022,Tue
346,58691,236,35,20220824,00DSES,1388,1392,1378,1380,4294967295,24,8,2022,Wed
347,59075,237,35,20220825,00DSES,1380,1392,1381,1391,4294967295,25,8,2022,Thu
348,59458,240,36,20220828,00DSES,1391,1403,1389,1390,4294967295,28,8,2022,Sun
349,59844,241,36,20220829,00DSES,1390,1401,1390,1393,4294967295,29,8,2022,Mon
350,60231,242,36,20220830,00DSES,1393,1403,1394,1396,4294967295,30,8,2022,Tue
351,60616,243,36,20220831,00DSES,1396,1407,1397,1399,4294967295,31,8,2022,Wed
352,61001,244,36,20220901,00DSES,1399,1413,1400,1409,4294967295,1,9,2022,Thu
353,61387,247,37,20220904,00DSES,1409,1428,1408,1410,4294967295,4,9,2022,Sun
354,61766,248,37,20220905,00DSES,1410,1417,1401,1405,4294967295,5,9,2022,Mon
355,62139,249,37,20220906,00DSES,1405,1421,1408,1419,4294967295,6,9,2022,Tue
356,62511,250,37,20220907,00DSES,1419,1448,1434,1442,4294967295,7,9,2022,Wed
357,62894,251,37,20220908,00DSES,1442,1456,1437,1441,4294967295,8,9,2022,Thu
358,63277,254,38,20220911,00DSES,1441,1448,1429,1432,4294967295,11,9,2022,Sun
359,63655,255,38,20220912,00DSES,1432,1437,1426,1429,4294967295,12,9,2022,Mon
360,64038,256,38,20220913,00DSES,1429,1440,1426,1427,4294967295,13,9,2022,Tue
361,64419,257,38,20220914,00DSES,1427,1434,1416,1418,4294967295,14,9,2022,Wed
362,64794,258,38,20220915,00DSES,1418,1432,1417,1430,4294967295,15,9,2022,Thu
363,65169,261,39,20220918,00DSES,1430,1445,1433,1436,4294967295,18,9,2022,Sun
364,65544,262,39,20220919,00DSES,1436,1453,1439,1451,4294967295,19,9,2022,Mon
365,65919,263,39,20220920,00DSES,1451,1467,1444,1448,4294967295,20,9,2022,Tue
366,66296,264,39,20220921,00DSES,1448,1453,1433,1436,4294967295,21,9,2022,Wed
367,66671,265,39,20220922,00DSES,1436,1444,1430,1437,4294967295,22,9,2022,Thu
368,67051,268,40,20220925,00DSES,1437,1444,1419,1421,4294967295,25,9,2022,Sun
369,67426,269,40,20220926,00DSES,1421,1429,1417,1421,4294967295,26,9,2022,Mon
370,67801,270,40,20220927,00DSES,1421,1426,1412,1413,4294967295,27,9,2022,Tue
371,68176,271,40,20220928,00DSES,1413,1422,1413,1415,4294967295,28,9,2022,Wed
372,68551,272,40,20220929,00DSES,1415,1423,1415,1420,4294967295,29,9,2022,Thu
373,68920,275,41,20221002,00DSES,1420,1430,1420,1424,4294967295,2,10,2022,Sun
374,69297,276,41,20221003,00DSES,1424,1430,1421,1422,4294967295,3,10,2022,Mon
375,69675,277,41,20221004,00DSES,1422,1435,1422,1430,4294967295,4,10,2022,Tue
376,70049,279,41,20221006,00DSES,1430,1445,1430,1443,4294967295,6,10,2022,Thu
377,70423,283,42,20221010,00DSES,1443,1450,1411,1416,4294967295,10,10,2022,Mon
378,70795,284,42,20221011,00DSES,1416,1426,1411,1415,4294967295,11,10,2022,Tue
379,71168,285,42,20221012,00DSES,1415,1430,1415,1428,4294967295,12,10,2022,Wed
380,71538,286,42,20221013,00DSES,1428,1431,1418,1420,4294967295,13,10,2022,Thu
381,71911,289,43,20221016,00DSES,1419.70013,1431.07515,1415.99551,1418.17055,13431204000,16,10,2022,Sun
382,72286,290,43,20221017,00DSES,1418.17055,1423.262,1403.7091,1406.77565,12978195000,17,10,2022,Mon
383,72651,291,43,20221018,00DSES,1406.77565,1410.98235,1396.8435,1406.83756,10059543000,18,10,2022,Tue
384,73025,292,43,20221019,00DSES,1406.83756,1422.65297,1406.54909,1407.55726,11787102000,19,10,2022,Wed
385,73395,293,43,20221020,00DSES,1407.55726,1411.48811,1399.96278,1407.02918,9756287000,20,10,2022,Thu
386,73762,296,44,20221023,00DSES,1407.02918,1412.28431,1396.74306,1398.82325,7884578000,23,10,2022,Sun
387,74126,296,44,20221023,00DSES,1407.02918,1412.28431,1396.74306,1398.82325,7884578000,23,10,2022,Sun
388,2,2,2,20220102,00DSEX,6757,6861,6757,6853,4294967295,2,1,2022,Sun
389,382,3,2,20220103,00DSEX,6853,6923,6853,6882,4294967295,3,1,2022,Mon
390,762,4,2,20220104,00DSEX,6882,6900,6853,6893,4294967295,4,1,2022,Tue
391,1142,5,2,20220105,00DSEX,6893,6947,6893,6930,4294967295,5,1,2022,Wed
392,1523,6,2,20220106,00DSEX,6930,7004,6930,6987,4294967295,6,1,2022,Thu
393,1904,9,3,20220109,00DSEX,6987,7029,6923,6933,4294967295,9,1,2022,Sun
394,2285,10,3,20220110,00DSEX,6933,7000,6927,6994,4294967295,10,1,2022,Mon
395,2664,11,3,20220111,00DSEX,6994,7099,6994,7049,4294967295,11,1,2022,Tue
396,3045,12,3,20220112,00DSEX,7049,7092,6989,6996,4294967295,12,1,2022,Wed
397,3426,13,3,20220113,00DSEX,6996,7036,6994,7017,4294967295,13,1,2022,Thu
398,3808,16,4,20220116,00DSEX,7017,7073,7016,7020,4294967295,16,1,2022,Sun
399,4190,17,4,20220117,00DSEX,7020,7069,7020,7055,4294967295,17,1,2022,Mon
400,4573,18,4,20220118,00DSEX,7055,7104,7054,7056,4294967295,18,1,2022,Tue
401,4954,19,4,20220119,00DSEX,7056,7098,7056,7089,4294967295,19,1,2022,Wed
402,5337,20,4,20220120,00DSEX,7089,7136,7089,7106,4294967295,20,1,2022,Thu
403,5719,23,5,20220123,00DSEX,7106,7134,7069,7073,4294967295,23,1,2022,Sun
404,6101,24,5,20220124,00DSEX,7073,7102,7015,7019,4294967295,24,1,2022,Mon
405,6485,25,5,20220125,00DSEX,7019,7079,7019,7033,4294967295,25,1,2022,Tue
406,6867,26,5,20220126,00DSEX,7033,7072,7032,7032,4294967295,26,1,2022,Wed
407,7252,27,5,20220127,00DSEX,7032,7061,7025,7028,4294967295,27,1,2022,Thu
408,7636,30,6,20220130,00DSEX,7028,7053,6987,6992,4294967295,30,1,2022,Sun
409,8019,31,6,20220131,00DSEX,6992,7008,6924,6926,4294967295,31,1,2022,Mon
410,8402,32,6,20220201,00DSEX,6926,7008,6926,6998,4294967295,1,2,2022,Tue
411,8785,33,6,20220202,00DSEX,6998,7058,6998,7017,4294967295,2,2,2022,Wed
412,9170,34,6,20220203,00DSEX,7017,7037,6997,7024,4294967295,3,2,2022,Thu
413,9554,37,7,20220206,00DSEX,7024,7083,7024,7064,4294967295,6,2,2022,Sun
414,9937,38,7,20220207,00DSEX,7064,7108,7044,7052,4294967295,7,2,2022,Mon
415,10321,39,7,20220208,00DSEX,7052,7085,7052,7073,4294967295,8,2,2022,Tue
416,10704,40,7,20220209,00DSEX,7073,7098,7065,7081,4294967295,9,2,2022,Wed
417,11087,41,7,20220210,00DSEX,7081,7101,7077,7086,4294967295,10,2,2022,Thu
418,11470,44,8,20220213,00DSEX,7086,7119,7081,7090,4294967295,13,2,2022,Sun
419,11852,45,8,20220214,00DSEX,7090,7118,7052,7061,4294967295,14,2,2022,Mon
420,12236,46,8,20220215,00DSEX,7061,7067,7033,7037,4294967295,15,2,2022,Tue
421,12619,47,8,20220216,00DSEX,7037,7078,7037,7044,4294967295,16,2,2022,Wed
422,13000,48,8,20220217,00DSEX,7044,7053,6979,6991,4294967295,17,2,2022,Thu
423,13381,51,9,20220220,00DSEX,6991,6997,6920,6927,4294967295,20,2,2022,Sun
424,13764,53,9,20220222,00DSEX,6927,6956,6895,6918,4294967295,22,2,2022,Tue
425,14144,54,9,20220223,00DSEX,6918,6965,6918,6949,4294967295,23,2,2022,Wed
426,14527,55,9,20220224,00DSEX,6949,6970,6831,6839,4294967295,24,2,2022,Thu
427,14908,58,10,20220227,00DSEX,6839,6839,6664,6676,4294967295,27,2,2022,Sun
428,15291,59,10,20220228,00DSEX,6676,6765,6676,6739,4294967295,28,2,2022,Mon
429,15688,60,10,20220301,00DSEX,6739,6822,6739,6754,4294967295,1,3,2022,Tue
430,16054,61,10,20220302,00DSEX,6754,6774,6672,6700,4294967295,2,3,2022,Wed
431,16437,62,10,20220303,00DSEX,6700,6713,6648,6697,4294967295,3,3,2022,Thu
432,16820,65,11,20220306,00DSEX,6697,6711,6633,6639,4294967295,6,3,2022,Sun
433,17203,66,11,20220307,00DSEX,6639,6647,6454,6457,4294967295,7,3,2022,Mon
434,17586,67,11,20220308,00DSEX,6457,6499,6319,6474,4294967295,8,3,2022,Tue
435,17969,68,11,20220309,00DSEX,6474,6647,6474,6630,4294967295,9,3,2022,Wed
436,18351,69,11,20220310,00DSEX,6630,6741,6630,6668,4294967295,10,3,2022,Thu
437,18735,72,12,20220313,00DSEX,6668,6779,6668,6766,4294967295,13,3,2022,Sun
438,19119,73,12,20220314,00DSEX,6766,6790,6746,6764,4294967295,14,3,2022,Mon
439,19501,74,12,20220315,00DSEX,6764,6783,6748,6765,4294967295,15,3,2022,Tue
440,19884,75,12,20220316,00DSEX,6765,6789,6760,6766,4294967295,16,3,2022,Wed
441,20269,79,13,20220320,00DSEX,6766,6775,6690,6698,4294967295,20,3,2022,Sun
442,20652,80,13,20220321,00DSEX,6698,6712,6653,6692,4294967295,21,3,2022,Mon
443,21036,81,13,20220322,00DSEX,6692,6785,6692,6772,4294967295,22,3,2022,Tue
444,21417,82,13,20220323,00DSEX,6772,6808,6745,6750,4294967295,23,3,2022,Wed
445,21799,83,13,20220324,00DSEX,6750,6765,6733,6753,4294967295,24,3,2022,Thu
446,22183,86,14,20220327,00DSEX,6753,6765,6739,6742,4294967295,27,3,2022,Sun
447,22565,87,14,20220328,00DSEX,6742,6773,6742,6758,4294967295,28,3,2022,Mon
448,22949,88,14,20220329,00DSEX,6758,6784,6754,6765,4294967295,29,3,2022,Tue
449,23333,89,14,20220330,00DSEX,6765,6785,6752,6754,4294967295,30,3,2022,Wed
450,23716,90,14,20220331,00DSEX,6754,6766,6730,6758,4294967295,31,3,2022,Thu
451,24106,93,15,20220403,00DSEX,6758,6791,6758,6772,4294967295,3,4,2022,Sun
452,24483,94,15,20220404,00DSEX,6772,6775,6713,6719,4294967295,4,4,2022,Mon
453,24868,95,15,20220405,00DSEX,6719,6719,6684,6694,4294967295,5,4,2022,Tue
454,25253,96,15,20220406,00DSEX,6694,6701,6652,6662,4294967295,6,4,2022,Wed
455,25632,97,15,20220407,00DSEX,6662,6662,6604,6641,4294967295,7,4,2022,Thu
456,26017,101,16,20220411,00DSEX,6662,6678,6637,6639,4294967295,11,4,2022,Mon
457,26402,102,16,20220412,00DSEX,6639,6648,6567,6574,4294967295,12,4,2022,Tue
458,26784,103,16,20220413,00DSEX,6574,6593,6516,6585,4294967295,13,4,2022,Wed
459,27168,107,17,20220417,00DSEX,6585,6612,6550,6555,3939792000,17,4,2022,Sun
460,27551,108,17,20220418,00DSEX,6555,6555,6471,6482,3903887000,18,4,2022,Mon
461,27935,109,17,20220419,00DSEX,6482,6545,6422,6530,4294967295,19,4,2022,Tue
462,28317,110,17,20220420,00DSEX,6530,6619,6530,6606,4294967295,20,4,2022,Wed
463,28700,111,17,20220421,00DSEX,6606,6671,6605,6662,4294967295,21,4,2022,Thu
464,29084,114,18,20220424,00DSEX,6662,6720,6662,6683,4294967295,24,4,2022,Sun
465,29469,115,18,20220425,00DSEX,6683,6684,6635,6667,4294967295,25,4,2022,Mon
466,29851,116,18,20220426,00DSEX,6667,6687,6653,6678,4294967295,26,4,2022,Tue
467,30236,117,18,20220427,00DSEX,6678,6693,6671,6678,4294967295,27,4,2022,Wed
468,30621,118,18,20220428,00DSEX,6678,6685,6634,6656,4294967295,28,4,2022,Thu
469,31389,128,20,20220508,00DSEX,6643,6673,6641,6669,4294967295,8,5,2022,Sun
470,31773,129,20,20220509,00DSEX,6669,6705,6669,6698,4294967295,9,5,2022,Mon
471,32157,130,20,20220510,00DSEX,6698,6726,6653,6666,4294967295,10,5,2022,Tue
472,32541,131,20,20220511,00DSEX,6666,6676,6586,6592,4294967295,11,5,2022,Wed
473,32924,132,20,20220512,00DSEX,6592,6606,6554,6565,4294967295,12,5,2022,Thu
474,33309,136,21,20220516,00DSEX,6565,6568,6417,6431,4294967295,16,5,2022,Mon
475,33694,137,21,20220517,00DSEX,6431,6484,6319,6404,4294967295,17,5,2022,Tue
476,34077,138,21,20220518,00DSEX,6404,6447,6288,6310,4294967295,18,5,2022,Wed
477,34462,139,21,20220519,00DSEX,6310,6325,6223,6258,4294967295,19,5,2022,Thu
478,34846,142,22,20220522,00DSEX,6258,6292,6133,6143,4294967295,22,5,2022,Sun
479,35229,143,22,20220523,00DSEX,6143,6287,6194,6262,4294967295,23,5,2022,Mon
480,35610,144,22,20220524,00DSEX,6262,6306,6190,6211,4294967295,24,5,2022,Tue
481,35990,145,22,20220525,00DSEX,6211,6217,6140,6188,4294967295,25,5,2022,Wed
482,36369,146,22,20220526,00DSEX,6188,6252,6172,6238,4294967295,26,5,2022,Thu
483,36748,149,23,20220529,00DSEX,6238,6376,6260,6369,4294967295,29,5,2022,Sun
484,37130,150,23,20220530,00DSEX,6369,6427,6365,6389,4294967295,30,5,2022,Mon
485,37511,151,23,20220531,00DSEX,6389,6410,6367,6393,4294967295,31,5,2022,Tue
486,37892,152,23,20220601,00DSEX,6393,6440,6399,6433,4294967295,1,6,2022,Wed
487,38275,153,23,20220602,00DSEX,6433,6491,6440,6452,4294967295,2,6,2022,Thu
488,38660,157,24,20220606,00DSEX,6497,6525,6484,6489,4294967295,6,6,2022,Mon
489,39044,158,24,20220607,00DSEX,6489,6500,6457,6469,4294967295,7,6,2022,Tue
490,39429,159,24,20220608,00DSEX,6469,6501,6469,6484,4294967295,8,6,2022,Wed
491,39812,160,24,20220609,00DSEX,6484,6513,6474,6480,4294967295,9,6,2022,Thu
492,40197,163,25,20220612,00DSEX,6480,6481,6422,6431,4294967295,12,6,2022,Sun
493,40580,164,25,20220613,00DSEX,6431,6444,6392,6392,4294967295,13,6,2022,Mon
494,40963,165,25,20220614,00DSEX,6392,6411,6357,6361,4294967295,14,6,2022,Tue
495,41349,166,25,20220615,00DSEX,6361,6417,6366,6375,4294967295,15,6,2022,Wed
496,41736,167,25,20220616,00DSEX,6375,6433,6385,6426,4294967295,16,6,2022,Thu
497,42122,170,26,20220619,00DSEX,6426,6461,6397,6406,4294967295,19,6,2022,Sun
498,42508,171,26,20220620,00DSEX,6406,6418,6347,6357,4294967295,20,6,2022,Mon
499,42892,172,26,20220621,00DSEX,6357,6362,6311,6312,4294967295,21,6,2022,Tue
500,43278,173,26,20220622,00DSEX,6312,6330,6299,6318,4294967295,22,6,2022,Wed
501,43664,174,26,20220623,00DSEX,6318,6370,6318,6328,4294967295,23,6,2022,Thu
502,44049,177,27,20220626,00DSEX,6328,6352,6297,6301,4294967295,26,6,2022,Sun
503,44435,178,27,20220627,00DSEX,6301,6325,6292,6320,4294967295,27,6,2022,Mon
504,44821,179,27,20220628,00DSEX,6320,6355,6325,6343,4294967295,28,6,2022,Tue
505,45207,180,27,20220629,00DSEX,6343,6371,6342,6350,4294967295,29,6,2022,Wed
506,45592,181,27,20220630,00DSEX,6350,6388,6350,6377,4294967295,30,6,2022,Thu
507,45978,184,28,20220703,00DSEX,6377,6388,6352,6360,4294967295,3,7,2022,Sun
508,46364,185,28,20220704,00DSEX,6360,6367,6339,6347,4294967295,4,7,2022,Mon
509,46749,186,28,20220705,00DSEX,6347,6403,6353,6372,4294967295,5,7,2022,Tue
510,47136,187,28,20220706,00DSEX,6372,6400,6361,6366,4294967295,6,7,2022,Wed
511,47522,188,28,20220707,00DSEX,6366,6387,6361,6367,4294967295,7,7,2022,Thu
512,47905,193,29,20220712,00DSEX,6367,6386,6346,6355,4294967295,12,7,2022,Tue
513,48290,194,29,20220713,00DSEX,6355,6363,6322,6325,4294967295,13,7,2022,Wed
514,48676,195,29,20220714,00DSEX,6325,6342,6298,6325,4294967295,14,7,2022,Thu
515,49062,198,30,20220717,00DSEX,6325,6343,6303,6304,4294967295,17,7,2022,Sun
516,49448,199,30,20220718,00DSEX,6304,6312,6211,6217,4294967295,18,7,2022,Mon
517,49834,200,30,20220719,00DSEX,6217,6217,6130,6153,3193502000,19,7,2022,Tue
518,50220,201,30,20220720,00DSEX,6153,6189,6107,6139,4294967295,20,7,2022,Wed
519,50605,202,30,20220721,00DSEX,6139,6200,6114,6127,4294967295,21,7,2022,Thu
520,50990,205,31,20220724,00DSEX,6127,6140,6050,6052,4294967295,24,7,2022,Sun
521,51376,206,31,20220725,00DSEX,6052,6100,5985,6083,4294967295,25,7,2022,Mon
522,51760,207,31,20220726,00DSEX,6083,6186,6104,6112,4294967295,26,7,2022,Tue
523,52147,208,31,20220727,00DSEX,6112,6120,6038,6038,4294967295,27,7,2022,Wed
524,52531,209,31,20220728,00DSEX,6038,6033,5963,5981,4294967295,28,7,2022,Thu
525,52916,212,32,20220731,00DSEX,5981,6144,6016,6134,4294967295,31,7,2022,Sun
526,53302,213,32,20220801,00DSEX,6134,6193,6147,6164,4294967295,1,8,2022,Mon
527,53688,214,32,20220802,00DSEX,6164,6258,6164,6249,4294967295,2,8,2022,Tue
528,54074,215,32,20220803,00DSEX,6249,6354,6279,6300,4294967295,3,8,2022,Wed
529,54461,216,32,20220804,00DSEX,6300,6321,6275,6312,4294967295,4,8,2022,Thu
530,54846,219,33,20220807,00DSEX,6312,6337,6279,6304,4294967295,7,8,2022,Sun
531,55230,220,33,20220808,00DSEX,6304,6328,6249,6259,4294967295,8,8,2022,Mon
532,55615,222,33,20220810,00DSEX,6259,6263,6168,6181,4294967295,10,8,2022,Wed
533,55999,223,33,20220811,00DSEX,6181,6191,6146,6149,4294967295,11,8,2022,Thu
534,56381,226,34,20220814,00DSEX,6149,6185,6153,6175,4294967295,14,8,2022,Sun
535,56766,228,34,20220816,00DSEX,6175,6235,6182,6226,4294967295,16,8,2022,Tue
536,57151,229,34,20220817,00DSEX,6226,6262,6232,6241,4294967295,17,8,2022,Wed
537,57536,233,35,20220821,00DSEX,6241,6265,6238,6259,4294967295,21,8,2022,Sun
538,57922,234,35,20220822,00DSEX,6259,6308,6270,6300,4294967295,22,8,2022,Mon
539,58307,235,35,20220823,00DSEX,6300,6353,6308,6316,4294967295,23,8,2022,Tue
540,58692,236,35,20220824,00DSEX,6316,6326,6276,6280,4294967295,24,8,2022,Wed
541,59076,237,35,20220825,00DSEX,6280,6358,6288,6355,4294967295,25,8,2022,Thu
542,59459,240,36,20220828,00DSEX,6355,6441,6383,6402,4294967295,28,8,2022,Sun
543,59845,241,36,20220829,00DSEX,6402,6440,6393,6408,4294967295,29,8,2022,Mon
544,60232,242,36,20220830,00DSEX,6408,6449,6412,6433,4294967295,30,8,2022,Tue
545,60617,243,36,20220831,00DSEX,6433,6485,6448,6457,4294967295,31,8,2022,Wed
546,61002,244,36,20220901,00DSEX,6457,6517,6470,6509,4294967295,1,9,2022,Thu
547,61388,247,37,20220904,00DSEX,6509,6585,6475,6490,4294967295,4,9,2022,Sun
548,61767,248,37,20220905,00DSEX,6490,6520,6422,6431,4294967295,5,9,2022,Mon
549,62140,249,37,20220906,00DSEX,6431,6482,6434,6471,4294967295,6,9,2022,Tue
550,62512,250,37,20220907,00DSEX,6471,6573,6514,6547,4294967295,7,9,2022,Wed
551,62895,251,37,20220908,00DSEX,6547,6588,6534,6560,4294967295,8,9,2022,Thu
552,63278,254,38,20220911,00DSEX,6560,6593,6526,6538,4294967295,11,9,2022,Sun
553,63656,255,38,20220912,00DSEX,6538,6562,6509,6528,4294967295,12,9,2022,Mon
554,64039,256,38,20220913,00DSEX,6528,6568,6533,6538,4294967295,13,9,2022,Tue
555,64420,257,38,20220914,00DSEX,6538,6560,6473,6487,4294967295,14,9,2022,Wed
556,64795,258,38,20220915,00DSEX,6487,6524,6476,6515,4294967295,15,9,2022,Thu
557,65170,261,39,20220918,00DSEX,6515,6570,6531,6535,4294967295,18,9,2022,Sun
558,65545,262,39,20220919,00DSEX,6535,6610,6553,6601,4294967295,19,9,2022,Mon
559,65920,263,39,20220920,00DSEX,6601,6677,6586,6597,4294967295,20,9,2022,Tue
560,66297,264,39,20220921,00DSEX,6597,6625,6541,6551,4294967295,21,9,2022,Wed
561,66672,265,39,20220922,00DSEX,6551,6593,6547,6564,4294967295,22,9,2022,Thu
562,67052,268,40,20220925,00DSEX,6564,6599,6509,6515,4294967295,25,9,2022,Sun
563,67427,269,40,20220926,00DSEX,6515,6544,6497,6511,4294967295,26,9,2022,Mon
564,67802,270,40,20220927,00DSEX,6511,6541,6487,6489,4294967295,27,9,2022,Tue
565,68177,271,40,20220928,00DSEX,6489,6520,6489,6496,4294967295,28,9,2022,Wed
566,68552,272,40,20220929,00DSEX,6496,6526,6496,6513,4294967295,29,9,2022,Thu
567,68921,275,41,20221002,00DSEX,6513,6558,6513,6532,4294967295,2,10,2022,Sun
568,69298,276,41,20221003,00DSEX,6532,6555,6511,6518,4294967295,3,10,2022,Mon
569,69676,277,41,20221004,00DSEX,6518,6561,6518,6545,4294967295,4,10,2022,Tue
570,70050,279,41,20221006,00DSEX,6545,6590,6545,6570,4294967295,6,10,2022,Thu
571,70424,283,42,20221010,00DSEX,6570,6593,6435,6450,4294967295,10,10,2022,Mon
572,70796,284,42,20221011,00DSEX,6450,6491,6435,6450,4294967295,11,10,2022,Tue
573,71169,285,42,20221012,00DSEX,6450,6507,6450,6501,4294967295,12,10,2022,Wed
574,71539,286,42,20221013,00DSEX,6501,6519,6483,6494,4294967295,13,10,2022,Thu
575,71912,289,43,20221016,00DSEX,6494.24973,6527.12123,6468.41758,6478.46843,13431204000,16,10,2022,Sun
576,72287,290,43,20221017,00DSEX,6478.46843,6494.04117,6400.83067,6413.01875,12978195000,17,10,2022,Mon
577,72652,291,43,20221018,00DSEX,6413.01875,6429.13518,6366.34671,6400.70571,10059543000,18,10,2022,Tue
578,73026,292,43,20221019,00DSEX,6400.70571,6462.33737,6383.85644,6390.18425,11787102000,19,10,2022,Wed
579,73396,293,43,20221020,00DSEX,6390.18425,6407.90975,6353.14934,6392.29823,9756287000,20,10,2022,Thu
580,73763,296,44,20221023,00DSEX,6392.29823,6416.57348,6339.73184,6344.31112,7884578000,23,10,2022,Sun
581,74127,296,44,20221023,00DSEX,6392.29823,6416.57348,6339.73184,6344.31112,7884578000,23,10,2022,Sun
582,3,2,2,20220102,1JANATAMF,6,7,6,6,262166,2,1,2022,Sun
583,383,3,2,20220103,1JANATAMF,6,7,6,7,681438,3,1,2022,Mon
584,763,4,2,20220104,1JANATAMF,7,7,6,7,963341,4,1,2022,Tue
585,1143,5,2,20220105,1JANATAMF,7,7,7,7,585537,5,1,2022,Wed
586,1524,6,2,20220106,1JANATAMF,7,7,7,7,1306242,6,1,2022,Thu
587,1905,9,3,20220109,1JANATAMF,7,7,7,7,512724,9,1,2022,Sun
588,2286,10,3,20220110,1JANATAMF,7,7,6,6,632238,10,1,2022,Mon
589,2665,11,3,20220111,1JANATAMF,7,7,6,7,705429,11,1,2022,Tue
590,3046,12,3,20220112,1JANATAMF,7,7,7,7,809467,12,1,2022,Wed
591,3427,13,3,20220113,1JANATAMF,7,7,7,7,231800,13,1,2022,Thu
592,3809,16,4,20220116,1JANATAMF,7,7,6,7,437127,16,1,2022,Sun
593,4191,17,4,20220117,1JANATAMF,7,7,6,7,330073,17,1,2022,Mon
594,4574,18,4,20220118,1JANATAMF,7,7,6,7,316785,18,1,2022,Tue
595,4955,19,4,20220119,1JANATAMF,7,7,7,7,411781,19,1,2022,Wed
596,5338,20,4,20220120,1JANATAMF,7,7,6,7,2498152,20,1,2022,Thu
597,5720,23,5,20220123,1JANATAMF,7,7,7,7,272823,23,1,2022,Sun
598,6102,24,5,20220124,1JANATAMF,7,7,6,7,355732,24,1,2022,Mon
599,6486,25,5,20220125,1JANATAMF,7,7,6,6,208950,25,1,2022,Tue
599,6486,25,5,20220125,lgjfdighdighsnginsignsgiojn,7,7,6,6,208950,25,1,2022,Tue
